RFQ ID,Title,Buyer Name,Buyer Image,Inquiry Time,Quotes Left,Country,Quantity Required,Email Confirmed,Experienced Buyer,Complete Order via RFQ,Typical Replies,Interactive User,Inquiry URL,Inquiry Date,Scraping Date
,Get Quotations Now,,,,,,,,,,,,,,2025-07-10 20:40:07
140704,Get Quotations,,,,,,,,,,,,http://www.alibaba.com/Products?tracelog=beacon_cate_140704,,2025-07-10 20:40:07
,Buying Request Hub,,,,,,,,,,,,,,2025-07-10 20:40:07
,Agriculture,,,,,,,,,,,,,,2025-07-10 20:40:07
,Apparel & Accessories,,,,,,,,,,,,,,2025-07-10 20:40:07
,Beauty,,,,,,,,,,,,,,2025-07-10 20:40:07
,Business Services,,,,,,,,,,,,,,2025-07-10 20:40:07
202119005,Buyer's Logistic Services Market,,,,,,,,,,,,https://sourcing.alibaba.com/rfq_search_list.htm?categoryIds=202119005&tracelog=sourcing_home_category,,2025-07-10 20:40:07
,Chemicals,,,,,,,,,,,,,,2025-07-10 20:40:07
,Commercial Equipment & Machinery,,,,,,,,,,,,,,2025-07-10 20:40:07
201943703,Construction & Building Machinery,,,,,,,,,,,,https://sourcing.alibaba.com/rfq_search_list.htm?categoryIds=201943703&tracelog=sourcing_home_category,,2025-07-10 20:40:07
,Construction & Real Estate,,,,,,,,,,,,,,2025-07-10 20:40:07
,Consumer Electronics,,,,,,,,,,,,,,2025-07-10 20:40:07
202200802,Design Services,,,,,,,,,,,,https://sourcing.alibaba.com/rfq_search_list.htm?categoryIds=202200802&tracelog=sourcing_home_category,,2025-07-10 20:40:07
,Electrical Equipment & Supplies,,,,,,,,,,,,,,2025-07-10 20:40:07
,"Electronic Components, Accessories & Telecommunications",,,,,,,,,,,,,,2025-07-10 20:40:07
,Environment,,,,,,,,,,,,,,2025-07-10 20:40:07
,Fabric & Textile Raw Material,,,,,,,,,,,,,,2025-07-10 20:40:07
,Fabrication Services,,,,,,,,,,,,,,2025-07-10 20:40:07
,Food & Beverage,,,,,,,,,,,,,,2025-07-10 20:40:07
,Furniture,,,,,,,,,,,,,,2025-07-10 20:40:07
,Gifts & Crafts,,,,,,,,,,,,,,2025-07-10 20:40:07
100002908,Health Care,,,,,,,,,,,,https://sourcing.alibaba.com/rfq_search_list.htm?categoryIds=100002908&tracelog=sourcing_home_category,,2025-07-10 20:40:07
,Home & Garden,,,,,,,,,,,,,,2025-07-10 20:40:07
,Home Appliances,,,,,,,,,,,,,,2025-07-10 20:40:07
,Industrial Machinery,,,,,,,,,,,,,,2025-07-10 20:40:07
202201002,"Inspection, Testing& Certification",,,,,,,,,,,,https://sourcing.alibaba.com/rfq_search_list.htm?categoryIds=202201002&tracelog=sourcing_home_category,,2025-07-10 20:40:07
,"Jewelry, Eyewear, Watches & Accessories",,,,,,,,,,,,,,2025-07-10 20:40:07
,Lights & Lighting,,,,,,,,,,,,,,2025-07-10 20:40:07
,"Luggage, Bags & Cases",,,,,,,,,,,,,,2025-07-10 20:40:07
201725504,Material Handling,,,,,,,,,,,,https://sourcing.alibaba.com/rfq_search_list.htm?categoryIds=201725504&tracelog=sourcing_home_category,,2025-07-10 20:40:07
,Medical devices & Supplies,,,,,,,,,,,,,,2025-07-10 20:40:07
,Metals & Alloys,,,,,,,,,,,,,,2025-07-10 20:40:07
,"Mother, Kids & Toys",,,,,,,,,,,,,,2025-07-10 20:40:07
,Packaging & Printing,,,,,,,,,,,,,,2025-07-10 20:40:07
201951502,Personal Care & Household Cleaning,,,,,,,,,,,,https://sourcing.alibaba.com/rfq_search_list.htm?categoryIds=201951502&tracelog=sourcing_home_category,,2025-07-10 20:40:07
201946504,Pet Supplies,,,,,,,,,,,,https://sourcing.alibaba.com/rfq_search_list.htm?categoryIds=201946504&tracelog=sourcing_home_category,,2025-07-10 20:40:07
201723202,Power Transmission,,,,,,,,,,,,https://sourcing.alibaba.com/rfq_search_list.htm?categoryIds=201723202&tracelog=sourcing_home_category,,2025-07-10 20:40:07
202201201,Programming & Technology Services,,,,,,,,,,,,https://sourcing.alibaba.com/rfq_search_list.htm?categoryIds=202201201&tracelog=sourcing_home_category,,2025-07-10 20:40:07
202200803,Purchasing agent,,,,,,,,,,,,https://sourcing.alibaba.com/rfq_search_list.htm?categoryIds=202200803&tracelog=sourcing_home_category,,2025-07-10 20:40:07
201726502,Renewable Energy,,,,,,,,,,,,https://sourcing.alibaba.com/rfq_search_list.htm?categoryIds=201726502&tracelog=sourcing_home_category,,2025-07-10 20:40:07
,Rubber & Plastics,,,,,,,,,,,,,,2025-07-10 20:40:07
201727804,Safety,,,,,,,,,,,,https://sourcing.alibaba.com/rfq_search_list.htm?categoryIds=201727804&tracelog=sourcing_home_category,,2025-07-10 20:40:07
,School & Office Supplies,,,,,,,,,,,,,,2025-07-10 20:40:07
,Security,,,,,,,,,,,,,,2025-07-10 20:40:07
,Shoes & Accessories,,,,,,,,,,,,,,2025-07-10 20:40:07
